Urea,Melamine,Dcda,PM(g),Time(h),Heat(℃),HR(℃/min),hata,modefiy,dope,ratio(%),load(g),area(cm2),NO(ppm),rate(mL/min),Xe,Wu,LED,Intensity(W),BET(m2/g),Eg(eV),NO2(%),NO(%)
0,1,0,10.0,4.0,500,5.0,0,0,0,0.0,0.08,50.0,21.0,200.0,1,0,0,300,13.2,2.69,51.8,47.5
0,1,0,10.0,4.0,500,5.0,0,0,1,0.3,0.08,50.0,21.0,200.0,1,0,0,300,21.9624092,2.68,74.5,78.1
0,1,0,10.0,4.0,500,5.0,0,0,1,0.6,0.08,50.0,21.0,200.0,1,0,0,300,27.89855254,2.66,79.3,88.9
0,1,0,10.0,4.0,500,5.0,0,0,1,1.8,0.08,50.0,21.0,200.0,1,0,0,300,20.87108474,2.66,71.9,80.0
0,1,0,10.0,4.0,500,5.0,0,0,1,6.0,0.08,50.0,21.0,200.0,1,0,0,300,19.20273294,2.63,67.3,55.3
0,1,0,10.0,4.0,500,5.0,0,0,0,0.0,0.08,50.0,12.0,200.0,0,0,1,30,13.2,2.69,61.5,61.7
0,1,0,10.0,4.0,500,5.0,0,0,1,0.3,0.08,50.0,12.0,200.0,0,0,1,30,15.94404866,2.68,76.4,83.2
0,1,0,10.0,4.0,500,5.0,0,0,1,0.6,0.08,50.0,12.0,200.0,0,0,1,30,16.42153572,2.66,78.2,92.9
0,1,0,10.0,4.0,500,5.0,0,0,1,6.0,0.08,50.0,12.0,200.0,0,0,1,30,16.5586089,2.63,73.7,79.7
1,0,0,20.0,2.0,600,5.0,0,0,0,0.0,0.02,26.42,2.2,1700.0,1,0,0,300,51.51357101,2.7,38.65,12.7
0,1,0,11.60696448,2.0,550,5.0,0,0,0,0.0,0.3,63.62,1.0,1000.0,0,1,0,150,3.0921,2.71,6.82,16.06
0,1,0,10.30340605,2.0,550,5.0,0,1,0,16.67,0.3,63.62,1.0,1000.0,0,1,0,150,16.97215789,2.745910457,8.38,23.74
0,1,0,8.226096592,2.0,550,5.0,0,1,0,66.67,0.3,63.62,1.0,1000.0,0,1,0,150,14.85885056,2.687098294,3.38,37.61
0,1,0,7.447898545,2.0,550,5.0,0,1,0,133.32,0.3,63.62,1.0,1000.0,0,1,0,150,19.29651651,2.660365987,1.58,35.11
0,1,0,7.8626378,2.0,550,5.0,0,1,0,100.0,0.3,63.62,1.0,1000.0,0,1,0,150,7.841520739,2.81,4.33,32.0
0,1,0,7.831159449,2.0,550,5.0,0,1,0,100.0,0.3,63.62,1.0,1000.0,0,1,0,150,8.117791505,2.49,6.02,28.62
0,1,0,4.0,3.0,550,20.0,0,0,0,0.0,0.125893992,20.0,1.0,3000.0,0,0,1,15,9.64,2.68,47.8,14.1
0,1,0,3.6,3.0,550,20.0,1,0,0,26.42,0.118072122,20.0,1.0,3000.0,0,0,1,15,10.14,2.44,4.11,14.83
0,1,0,0.8,3.0,550,20.0,1,0,0,902.0,0.172078457,20.0,1.0,3000.0,0,0,1,15,48.44,2.95,6.36,22.94
0,1,0,6.0,3.0,550,11.26570502,0,0,0,0.0,0.13628406,109.1894673,1.0,2227.3277,0,1,0,250,51.52508112,2.716539908,29.55595721,55.5
0,1,0,6.0,3.0,550,13.25047832,0,0,1,13.2,0.149466394,113.1,1.0,2271.661421,0,1,0,250,60.56409185,2.679629129,28.49315152,78.5
0,1,0,6.0,3.0,550,13.24971017,0,0,1,13.32,0.149461517,113.0999924,1.0,2271.657631,0,1,0,250,60.56686345,2.679629504,28.49145566,65.86
0,1,0,6.0,3.0,550,13.24661651,0,0,1,13.81,0.149441819,113.0999936,1.0,2271.641988,0,1,0,250,60.57824466,2.679630969,28.48452534,93.44
0,1,0,6.0,3.0,550,13.24280431,0,0,1,14.43,0.149452784,113.1000051,1.0,2271.620491,0,1,0,250,60.59275817,2.67963226,28.47578933,83.52
0,1,0,4.0,4.0,550,20.0,1,0,0,11.11,0.2,113.1,0.8,2000.0,1,0,0,300,37.55973395,2.614599276,22.64318989,28.8
0,1,0,4.0,4.0,550,20.0,1,0,0,42.86,0.2,113.1,0.8,2000.0,1,0,0,300,46.09390326,2.635688872,21.64574005,41.51
0,1,0,12.0,3.0,550,15.0,0,0,0,0.0,0.2,113.1,0.66,2400.0,0,1,0,100,14.0,2.42,17.39305777,22.82
0,1,0,12.0,3.0,550,15.0,0,1,0,100.0,0.2,113.1,0.66,2400.0,0,1,0,100,22.0,2.46,22.32824702,32.77
1,0,0,20.0,3.0,550,5.0,0,0,0,0.0,0.3,103.87,0.6,500.0,0,0,1,30,74.424,2.82,38.86778233,65.69
1,0,0,20.0,3.0,550,5.0,1,0,0,15.0,0.3,103.87,0.6,500.0,0,0,1,30,46.919,2.573165359,35.843726,69.77
0,0,1,4.0,4.0,550,5.0,0,0,0,0.0,0.2,113.1,0.6,1000.0,0,0,1,150,77.4,3.0,25.68,35.78
0,0,1,4.0,4.0,550,5.0,0,0,1,18.75,0.2,113.1,0.6,1000.0,0,0,1,150,57.5,2.7,27.04,51.66
0,0,1,4.0,4.0,550,5.0,0,0,1,75.0,0.2,113.1,0.6,1000.0,0,0,1,150,50.0,2.748763176,29.5,36.86
0,0,1,4.0,4.0,550,5.0,0,0,0,0.0,0.2,113.1,0.6,1000.0,0,0,1,150,19.5,2.795491508,34.63,16.41
0,0,1,20.0,2.0,550,9.136316229,0,0,0,0.0,0.2,103.87,0.6,1000.0,0,0,1,15,9.0,2.7,25.8,22.2
0,0,1,20.0,2.0,550,10.0,1,0,0,11.11,0.2,103.87,0.6,1000.0,0,0,1,15,42.0,2.563287217,2.32,68.24
0,0,1,20.0,2.0,550,10.00000064,1,0,0,17.64,0.2,103.87,0.6,1000.0,0,0,1,15,42.0,2.559309924,10.74,61.35
0,0,1,20.0,2.0,550,8.957392213,1,0,0,25.0,0.2,103.87,0.6,1000.0,0,0,1,15,43.0,2.550656443,12.8,54.46
0,0,1,20.0,2.0,550,8.33520035,1,0,0,33.33,0.2,103.87,0.6,1000.0,0,0,1,15,43.0,2.545497554,18.37,39.73
1,0,0,7.753405389,2.0,500,5.0,1,0,0,25.0,0.1,80.0,0.6,1200.0,1,0,0,300,41.81754272,2.724655901,29.75828209,44.0
1,0,0,17.90665911,2.0,500,5.0,1,0,0,66.67,0.1,80.0,0.6,1200.0,1,0,0,300,69.40264093,2.725401229,25.26039964,52.0
1,0,0,9.972627649,4.0,550,2.5,0,0,0,0.0,0.1,113.1,0.6,1200.0,1,0,0,300,108.27,2.95,19.92077348,34.2
1,0,0,9.967441485,4.0,550,2.5,1,0,0,1.0,0.1,113.1,0.6,1200.0,1,0,0,300,80.50661298,2.792405981,24.99226231,40.8
1,0,0,9.945623994,4.0,550,2.5,1,0,0,3.0,0.1,113.1,0.6,1200.0,1,0,0,300,53.64039755,2.635336942,24.97457252,47.0
1,0,0,9.934466474,4.0,550,2.5,1,0,0,5.0,0.1,113.1,0.6,1200.0,1,0,0,300,59.29850844,2.629355338,24.93894301,53.7
1,0,0,9.950170143,4.0,550,2.5,1,0,0,7.0,0.1,113.1,0.6,1200.0,1,0,0,300,67.5,2.648545301,22.54747454,60.8
1,0,0,9.970831913,4.0,550,2.5,1,0,0,9.0,0.1,113.1,0.6,1200.0,1,0,0,300,64.33912368,2.640479113,24.56600215,50.8
0,0,1,10.19100418,4.0,550,5.0,0,0,0,0.0,0.05,16.0,0.6,1200.0,1,0,0,300,33.12745953,2.606796802,36.34190063,34.97
0,0,1,17.79136113,4.0,550,5.0,1,0,0,42.86,0.05,16.0,0.6,1200.0,1,0,0,300,72.14527106,2.643558495,31.78131594,61.34
0,0,1,28.78143027,4.0,550,5.0,1,0,0,100.0,0.05,16.0,0.6,1200.0,1,0,0,300,82.97371548,2.680427756,24.07059594,55.22
1,0,0,10.0,2.0,550,15.0,0,0,1,4.0,0.2,113.1,0.6,2400.0,0,0,1,30,32.74584702,2.631044378,40.72215034,36.29
1,0,0,10.0,2.0,550,15.0,0,0,1,14.0,0.2,113.1,0.6,2400.0,0,0,1,30,43.45779052,2.567296825,35.26662435,36.99
1,0,0,10.0,2.0,550,15.0,0,0,0,0.0,0.2,113.1,0.6,2415.0,0,1,0,150,33.0,2.65,13.69127164,42.3
1,0,0,10.0,2.0,550,15.0,1,0,0,25.0,0.2,113.1,0.6,2415.0,0,1,0,150,49.0,2.786839469,11.94931764,59.7
1,0,0,10.0,2.0,525,15.0,0,0,0,0.0,0.2,113.1,0.6,2415.0,0,1,0,150,71.59377451,2.693761367,16.7255931,31.22
1,0,0,10.0,2.0,525,15.0,1,0,0,1.523,0.2,113.1,0.6,2415.0,0,1,0,150,60.82737076,2.696480052,16.60668771,51.67
1,0,0,10.0,2.0,525,15.0,1,0,0,3.093,0.2,113.1,0.6,2415.0,0,1,0,150,56.87808826,2.699629016,16.48270069,35.3
1,0,0,10.0,2.0,525,15.0,1,0,0,5.263,0.2,113.1,0.6,2415.0,0,1,0,150,54.12936819,2.70443838,16.31127476,26.12
1,0,0,16.0,2.0,550,15.0,0,0,1,5.0,0.2,113.1,0.6,2415.0,0,1,0,300,38.95091697,2.564083068,25.59,45.5
1,0,0,16.0,2.0,550,15.0,0,0,1,10.0,0.2,113.1,0.6,2415.0,0,1,0,300,40.03559461,2.587247124,25.25,54.3
1,0,0,16.0,2.0,550,15.0,0,0,1,1.0,0.2,113.1,0.6,2415.0,0,1,0,150,57.3,2.791671052,12.80658734,48.2
1,0,0,16.0,2.0,550,15.0,0,0,1,3.0,0.2,113.1,0.6,2415.0,0,1,0,150,51.5,2.790702432,12.55579827,55.6
1,0,0,16.0,2.0,550,15.0,0,0,1,5.0,0.2,113.1,0.6,2415.0,0,1,0,150,55.6,2.79198713,12.37750486,60.6
0,1,0,15.0,2.0,550,10.0,1,0,0,2.04,0.4,113.1,0.6,2339.986799,0,1,0,150,66.42116864,2.8,9.34,19.6
0,1,0,15.0,2.0,550,10.0,1,0,0,17.65,0.4,113.1,0.6,2319.727254,0,1,0,150,55.69513672,2.8,7.28,18.5
0,1,0,4.0,4.0,520,6.302306453,0,0,1,1.65,0.05,28.27,0.6,520.8141049,1,0,0,300,7.819620387,2.780068501,39.01034315,55.0
0,1,0,4.0,4.0,520,5.000000143,0,0,1,3.28,0.05,28.27,0.6,1190.258401,1,0,0,300,7.5,2.77,15.8,55.0
0,1,0,4.0,4.0,520,6.285765007,0,0,1,4.93,0.05,28.27,0.6,522.9857362,1,0,0,300,8.939809833,2.772400122,20.96121301,28.0
1,0,0,30.0,4.0,550,15.0,1,0,0,150.0,0.05,28.27,0.6,1548.458501,1,0,0,300,84.428,2.747858081,32.56384941,80.2
0,1,0,4.0,2.0,600,8.768164272,0,0,1,3.75,0.1,99.10399716,0.6,2111.461666,1,0,0,500,52.12147918,2.56,32.40978609,43.98
0,1,0,4.0,2.0,600,9.058731059,0,0,1,2.0,0.1,89.20286119,0.6,2064.316317,1,0,0,500,57.48291083,2.577963094,30.56291533,35.0
0,1,0,4.0,2.0,600,7.965024075,0,0,1,4.78,0.1,89.21126438,0.6,2064.319641,1,0,0,500,57.50574021,2.537192852,30.98269964,53.72
0,1,0,4.0,2.0,600,8.769440479,0,0,1,5.82,0.1,99.11003053,0.6,2209.859205,1,0,0,500,52.12335888,2.51,32.4087715,59.52
0,0,1,10.0,3.0,550,5.0,0,0,0,0.0,0.2,103.87,0.6,2227.308553,0,0,1,15,9.1,2.68,36.1,20.6
0,0,1,10.0,5.0,600,5.0,0,0,0,0.0,0.2,103.87,0.6,2230.408502,0,0,1,15,18.2,2.7,30.99,32.5
0,1,0,10.43206303,3.0,550,5.249714104,0,0,0,0.0,0.02,16.0,0.58,550.0,1,0,0,300,30.77562458,2.73,37.05596962,16.2
0,1,0,25.86270703,3.0,550,12.22973243,1,0,0,930.0,0.02,16.0,0.58,550.0,1,0,0,300,71.25991701,2.63001015,21.07413403,80.3
0,1,0,16.70365324,2.707636861,550,7.619394459,0,1,0,2.0,0.161671688,103.739347,0.561368823,1781.560166,0,1,0,300,50.0,2.52,26.07334196,47.1
0,1,0,16.75775069,2.759833706,550,8.102379907,0,1,0,1.5,0.154052806,101.1181737,0.554418559,1802.139931,0,1,0,300,59.0,2.64,26.06667326,34.9
0,1,0,17.14854186,2.657602773,550,7.270477189,0,1,0,2.5,0.164871667,105.9179565,0.55282645,1799.643022,0,1,0,300,30.0,2.53,25.82635913,34.2
0,1,0,13.90818574,2.852249144,550,8.914536092,0,0,0,0.0,0.139627498,87.42262894,0.550778039,2054.87261,0,1,0,300,9.0,2.5,31.13055639,24.9
1,0,0,10.0,2.0,550,15.0,0,0,1,2.0,0.2,113.1,0.55,2400.0,0,1,0,150,84.0,2.745758045,21.62602922,43.1
1,0,0,10.0,2.0,550,15.0,0,0,1,6.0,0.2,113.1,0.55,2400.0,0,1,0,150,33.0,2.765985083,17.84977314,38.8
0,1,0,2.5,4.0,550,10.0,1,0,0,10.67,0.5,113.1,0.55,2400.0,0,0,1,12,21.47468934,2.628945219,35.08527833,21.44
0,1,0,5.0,4.0,550,10.0,1,0,0,8.12,0.5,113.1,0.55,2400.0,0,0,1,12,13.42,2.699751417,39.5429297,47.18
0,1,0,10.0,4.0,550,10.0,1,0,0,2.64,0.5,113.1,0.55,2400.0,0,0,1,12,25.964346,2.750112909,46.59033398,42.3
0,0,1,10.0,2.0,550,2.5,1,0,0,16.38,0.2,103.6512269,0.55,2405.011141,0,0,1,12,61.93,2.574090742,28.58,34.1
0,0,1,10.0,2.0,550,2.5,1,0,0,40.94,0.2,109.4181055,0.55,1495.41354,0,0,1,12,54.22,2.533560059,27.9,40.1
0,0,1,10.0,2.0,550,2.5,1,0,0,61.42,0.2,109.9584178,0.55,1430.077135,0,0,1,12,52.96,2.502412429,29.72,46.9
0,0,1,10.0,2.0,550,2.5,1,0,0,81.89,0.2,110.5509307,0.55,1609.174422,0,0,1,12,51.36,2.454961256,42.0,39.1
0,0,1,10.0,2.0,550,10.0,0,0,0,0.0,0.02,95.03,0.55,2402.229661,0,0,1,15,7.0,2.681378419,55.8,26.94
0,0,1,10.0,2.0,550,10.0,0,0,0,0.0,0.02,95.03,0.55,2278.894404,0,0,1,15,28.0,2.665351596,36.5,36.43
0,0,1,10.0,2.0,550,10.0,0,1,0,6.67,0.02,95.03,0.55,2125.339882,0,0,1,15,24.0,2.665429863,14.6,52.5
0,0,1,10.0,2.0,550,10.0,0,1,0,33.33,0.02,95.03,0.55,2273.582638,0,0,1,15,5.0,2.608005567,13.29,42.23
0,0,1,10.0,2.0,550,10.0,0,0,0,0.0,0.02,95.03,0.55,1604.304183,0,0,1,15,17.50000469,2.676548102,46.14997805,36.33
0,0,1,10.0,2.0,550,10.0,0,1,0,3.33,0.02,95.03,0.55,1482.030733,0,0,1,15,23.99997694,2.665714389,22.6100619,39.14
0,0,1,10.0,2.0,550,10.0,0,1,0,16.67,0.02,95.03,0.55,1191.516981,0,0,1,15,11.00001981,2.606258825,13.48000556,43.57
0,0,1,10.0,2.0,550,10.0,0,0,0,0.0,0.2,113.1,0.55,2404.975737,0,0,1,15,54.64,2.7,33.18,41.2
0,0,1,10.0,2.0,550,10.0,0,1,0,23.8,0.2,113.1,0.55,1856.012938,0,0,1,15,41.39,2.54,22.84,52.3
0,0,1,10.0,2.0,550,10.0,0,1,0,47.6,0.2,113.1,0.55,1816.91611,0,0,1,15,41.53077279,2.50760599,42.32,25.2
0,0,1,10.0,2.0,550,10.0,0,0,0,0.0,0.2,113.1,0.55,2400.383402,0,0,1,30,9.18,2.69056246,43.47258878,19.47
0,0,1,10.0,2.0,550,10.0,0,1,0,28.19,0.2,113.1,0.55,1837.404132,0,0,1,30,38.23,2.49,27.23326464,51.18
0,0,1,10.0,2.0,550,10.0,0,1,0,56.37,0.2,113.1,0.55,1673.556878,0,0,1,30,23.56,2.42,32.1757848,44.74
0,0,1,10.0,2.0,550,10.0,0,1,0,112.77,0.2,113.1,0.55,1759.211146,0,0,1,30,17.44,2.27,34.4068786,33.32
0,1,0,0.6,4.0,550,2.3,1,0,0,3.05,0.1,113.1,0.52,2415.0,0,0,1,12,71.946,2.43,39.62620002,54.48
0,1,0,10.0,3.0,550,5.0,0,0,0,0.0,0.1,113.1,0.52,2415.0,0,0,1,12,27.05226576,2.62021338,60.59832298,22.16
1,0,0,30.0,2.0,550,5.563750879,0,0,0,0.0,0.2,113.1,0.5,1500.0,1,0,0,300,32.81159415,2.68,34.6,62.8
1,0,0,30.0,2.0,550,5.529881935,1,0,0,3.0,0.2,113.1,0.5,1500.0,1,0,0,300,39.13597394,2.63,21.9,75.4
1,0,0,20.0,2.0,550,15.0,1,0,0,33.33,0.1,113.1,0.5,2000.0,0,1,0,150,78.0,2.44,9.473884408,50.4
1,0,0,20.0,2.0,550,15.0,1,0,0,100.0,0.1,113.1,0.5,2000.0,0,1,0,150,43.0,2.73,10.77663762,28.69
1,0,0,15.0,1.0,550,13.18847745,0,0,0,0.0,0.2,78.54,0.5,2010.0,0,1,0,150,67.56595653,2.671986542,39.4,20.2
1,0,0,15.0,1.0,550,12.17722657,1,0,0,0.1,0.2,78.54,0.5,2010.0,0,1,0,150,61.32241462,2.722248563,14.3,38.5
1,0,0,15.0,1.0,550,12.17129208,1,0,0,1.0,0.2,78.54,0.5,2010.0,0,1,0,150,60.93555298,2.722351048,14.1,37.5
1,0,0,12.0,1.0,550,12.1218562,0,1,0,8.33,0.2,78.54,0.5,2010.0,0,1,0,150,58.40164707,2.723220392,15.32,23.93
1,0,0,10.0,2.0,525,15.0,0,0,0,0.0,0.199999998,113.1,0.5,2400.0,0,1,0,150,86.51402819,2.65,17.74592451,38.6
1,0,0,10.0,2.0,525,15.0,1,0,0,13.38,0.227333613,113.1,0.5,2400.0,0,1,0,150,84.4413376,2.82,16.51411318,46.7
1,0,0,20.0,2.0,550,15.0,0,0,1,0.3,0.2,113.1,0.5,2400.0,0,1,0,150,87.35126567,2.699197433,7.87,41.0
1,0,0,20.0,2.0,550,15.0,0,0,0,0.0,0.2,113.1,0.5,2400.0,0,1,0,150,87.6059131,2.562784284,52.17,24.0
1,0,0,10.0,2.0,550,5.640473615,0,0,0,0.0,0.2,113.1,0.5,2400.0,0,1,0,300,46.836,2.71,26.62880017,29.9
1,0,0,10.0,2.0,550,6.290918795,0,1,0,2.94,0.2,113.1,0.5,2400.0,0,1,0,300,40.64983419,2.582955592,26.4969259,31.4
1,0,0,10.0,2.0,550,8.661427737,0,1,0,59.87,0.2,113.1,0.5,2400.0,0,1,0,300,56.055,2.68,25.53664727,34.9
1,0,0,10.0,2.0,550,15.0,0,0,0,0.0,0.2,113.1000066,0.5,2400.0,0,1,0,150,128.1069459,2.75,46.4,20.22
1,0,0,10.0,2.0,550,15.0,0,1,0,0.1,0.2,113.0999971,0.5,2400.0,0,1,0,150,125.8131492,2.73,1.2,44.9
1,0,0,10.0,2.0,550,15.0,0,0,0,0.0,0.2,113.1,0.5,2400.0,0,1,0,150,137.0,2.44,23.5332317,36.3
1,0,0,10.0,2.0,550,15.0,1,0,0,0.5,0.2,113.1,0.5,2400.0,0,1,0,150,102.0,2.738150957,18.81400507,50.0
1,0,0,10.0,2.0,550,15.0,1,0,0,1.0,0.2,113.1,0.5,2400.0,0,1,0,150,76.0,2.74051629,21.21862852,56.4
1,0,0,10.0,2.0,550,15.0,1,0,0,2.0,0.2,113.1,0.5,2400.0,0,1,0,150,78.0,2.74575334,21.62608943,44.4
1,0,0,10.0,2.0,550,15.0,1,0,0,3.33,0.2,113.1,0.5,2400.0,0,1,0,150,61.0,2.754746505,20.53046539,46.0
0,1,0,6.382376166,2.0,500,16.78241178,1,0,0,900.0,0.2,113.1,0.5,3000.0,1,0,0,300,54.503355,2.862863297,10.66,30.29
0,1,0,6.281761023,2.0,500,3.337030647,1,0,0,66.67,0.2,113.1,0.5,3000.0,1,0,0,300,40.44710036,2.655812758,17.24,33.23
1,0,0,9.998394179,2.0,550,2.943444131,0,0,0,0.0,0.2,113.1,0.5,3000.0,1,0,0,300,32.81110186,2.76,11.87221249,69.47
1,0,0,9.984064486,2.0,550,4.862129171,1,0,0,25.0,0.2,113.1,0.5,3000.0,1,0,0,300,35.82697283,2.7,21.45557271,82.44
1,0,0,9.965966101,2.0,550,2.973199491,1,0,0,42.86,0.2,113.1,0.5,3000.0,1,0,0,300,36.89118355,2.665599193,9.261434344,79.77
0,1,0,10.0,2.0,550,2.0,0,0,0,0.0,0.2,113.1,0.45,3000.0,1,0,0,300,30.4221905,2.74,11.72,25.84
0,1,0,10.0,2.0,550,2.0,1,0,0,50.0,0.2,113.1,0.45,3000.0,1,0,0,300,39.17908156,2.661480868,6.84,39.02
0,1,0,1.0,3.0,500,2.5,0,0,1,2.84,0.1,78.54,0.4,3000.0,1,0,0,300,26.56302502,2.694036017,39.53,26.88
0,1,0,1.0,3.0,500,2.5,0,0,1,5.69,0.1,78.54,0.4,3000.0,1,0,0,300,27.9,2.54,24.35,30.4
1,0,0,10.0,4.0,550,5.0,0,0,0,0.0,0.05,68.44141695,0.4,1674.034294,1,0,0,300,39.74126332,2.66,48.8609924,50.0
1,0,0,10.0,4.0,550,5.0,1,0,0,10.0,0.05,81.27293951,0.4,1816.864061,1,0,0,300,55.97089444,2.67249469,30.18690306,57.13
1,0,0,10.0,4.0,550,5.0,1,0,0,15.0,0.05,92.16312217,0.4,2211.814327,1,0,0,300,54.62770626,2.682022237,28.39279307,60.67
1,0,0,10.0,4.0,550,5.0,1,0,0,20.0,0.05,99.98558882,0.4,2441.355896,1,0,0,300,54.32905721,2.692461344,27.51667302,64.0
1,0,0,10.0,2.0,550,5.055444922,0,0,0,0.0,0.025,28.26999838,0.3,420.0,1,0,0,300,51.1,2.62543896,33.36445349,29.0
1,0,0,10.0,1.5,500,7.0,0,0,1,1.01,0.025,28.26999817,0.3,420.0,1,0,0,300,78.37,2.915034276,31.89403332,64.17
1,0,0,10.0,1.5,500,7.0,0,0,1,3.09,0.025,28.26999774,0.3,420.0,1,0,0,300,83.86,2.91,31.19397221,87.1
1,0,0,10.0,1.5,500,7.0,0,0,1,5.26,0.025,28.27000165,0.3,420.0,1,0,0,300,81.5,2.908422271,30.96395441,73.3
