Urea,Melamine,Dcda,PM(g),Time(h),Heat(℃),HR(℃/min),element1,element2,hata,modefiy,dope,ratio(%),load(g),area(cm2),NO(ppm),rate(mL/min),Xe,Wu,LED,Intensity(W),BET(m2/g),Eg(eV),NO2(%),NO(%)
0,1,0,10,4,500,5,,,0,0,0,0,0.08,50,21,200,1,0,0,300,13.2,2.69,51.8,47.5
0,1,0,10,4,500,5,Pd,,0,0,1,0.3,0.08,50,21,200,1,0,0,300,21.9624092,2.68,74.5,78.1
0,1,0,10,4,500,5,Pd,,0,0,1,0.6,0.08,50,21,200,1,0,0,300,27.89855254,2.66,79.3,88.9
0,1,0,10,4,500,5,Pd,,0,0,1,1.8,0.08,50,21,200,1,0,0,300,20.87108474,2.66,71.9,80
0,1,0,10,4,500,5,Pd,,0,0,1,6,0.08,50,21,200,1,0,0,300,19.20273294,2.63,67.3,55.3
0,1,0,10,4,500,5,,,0,0,0,0,0.08,50,12,200,0,0,1,30,13.2,2.69,61.5,61.7
0,1,0,10,4,500,5,Pd,,0,0,1,0.3,0.08,50,12,200,0,0,1,30,15.94404866,2.68,76.4,83.2
0,1,0,10,4,500,5,Pd,,0,0,1,0.6,0.08,50,12,200,0,0,1,30,16.42153572,2.66,78.2,92.9
0,1,0,10,4,500,5,Pd,,0,0,1,1.8,0.08,50,12,200,0,0,1,30,17.08219931,2.66,80.5,91.4
0,1,0,10,4,500,5,Pd,,0,0,1,6,0.08,50,12,200,0,0,1,30,16.5586089,2.63,73.7,79.7
1,0,0,20,2,600,5,,,0,0,0,0,0.02,26.42,2.2,1700,1,0,0,300,51.51357101,2.7,38.65,12.7
1,0,0,20,2,600,5,Pd,,1,0,0,0.5,0.02,26.42,2.2,1700,1,0,0,300,52.27744814,2.699848222,39.61,31.9
0,1,0,11.60696448,2,550,5,,,0,0,0,0,0.3,63.62,1,1000,0,1,0,150,3.0921,2.71,6.82,16.06
0,1,0,10.30340605,2,550,5,Na,Ca,0,1,0,16.67,0.3,63.62,1,1000,0,1,0,150,16.97215789,2.745910457,8.38,23.74
0,1,0,10.05033375,2,550,5,Na,Ca,0,1,0,33.33,0.3,63.62,1,1000,0,1,0,150,17.22962539,2.758549287,7.13,27.69
0,1,0,10.44984563,2,550,5,Na,Ca,0,1,0,50,0.3,63.62,1,1000,0,1,0,150,5.999,2.722285014,5.05,32.61
0,1,0,8.226096592,2,550,5,Na,Ca,0,1,0,66.67,0.3,63.62,1,1000,0,1,0,150,14.85885056,2.687098294,3.38,37.61
0,1,0,9.284932417,2,550,5,Na,Ca,0,1,0,100,0.3,63.62,1,1000,0,1,0,150,7.7302,2.67,2.38,39.72
0,1,0,7.447898545,2,550,5,Na,Ca,0,1,0,133.32,0.3,63.62,1,1000,0,1,0,150,19.29651651,2.660365987,1.58,35.11
0,1,0,7.8626378,2,550,5,Na,,0,1,0,100,0.3,63.62,1,1000,0,1,0,150,7.841520739,2.81,4.33,32
0,1,0,7.831159449,2,550,5,Ca,,0,1,0,100,0.3,63.62,1,1000,0,1,0,150,8.117791505,2.49,6.02,28.62
0,1,0,4,3,550,20,,,0,0,0,0,0.125893992,20,1,3000,0,0,1,15,9.64,2.68,47.8,14.1
0,1,0,3.8,3,550,20,CaCO3,,1,0,0,12.32,0.11836827,20,1,3000,0,0,1,15,11.56,2.51,11.21,15.34
0,1,0,3.6,3,550,20,CaCO3,,1,0,0,26.42,0.118072122,20,1,3000,0,0,1,15,10.14,2.44,4.11,14.83
0,1,0,0.8,3,550,20,CaCO3,TiO2,1,0,0,671.01,0.163199558,20,1,3000,0,0,1,15,55.4,2.98,44.72,27.91
0,1,0,0.8,3,550,20,CaCO3,TiO2,1,0,0,671.1,0.163324654,20,1,3000,0,0,1,15,50.16,2.93,13.49,26.01
0,1,0,0.8,3,550,20,CaCO3,TiO2,1,0,0,902,0.172078457,20,1,3000,0,0,1,15,48.44,2.95,6.36,22.94
0,1,0,6,3,550,11.26570502,,,0,0,0,0,0.13628406,109.1894673,1,2227.3277,0,1,0,250,51.52508112,2.716539908,29.55595721,55.5
0,1,0,6,3,550,13.25047832,Fe,,0,0,1,13.2,0.149466394,113.1,1,2271.661421,0,1,0,250,60.56409185,2.679629129,28.49315152,78.5
0,1,0,6,3,550,13.24971017,Fe,C10O1,0,0,1,13.32,0.149461517,113.0999924,1,2271.657631,0,1,0,250,60.56686345,2.679629504,28.49145566,65.86
0,1,0,6,3,550,13.24661651,Fe,C10O1,0,0,1,13.81,0.149441819,113.0999936,1,2271.641988,0,1,0,250,60.57824466,2.679630969,28.48452534,93.44
0,1,0,6,3,550,13.24280431,Fe,C10O1,0,0,1,14.43,0.149452784,113.1000051,1,2271.620491,0,1,0,250,60.59275817,2.67963226,28.47578933,83.52
0,1,0,6,3,550,11.64424637,Fe,C10O1,0,0,1,16.88,0.149533588,113.1000064,1,2376.113016,0,1,0,250,60.65111382,2.679634968,28.44176443,79.5
0,1,0,4,4,550,20,,,0,0,0,0,0.2,113.1,0.8,2000,1,0,0,300,30.52369756,2.8,27.35038216,25.45
0,1,0,4,4,550,20,,,1,0,0,11.11,0.2,113.1,0.8,2000,1,0,0,300,37.55973395,2.614599276,22.64318989,28.8
0,1,0,4,4,550,20,,,1,0,0,25,0.2,113.1,0.8,2000,1,0,0,300,38.95158448,2.627070524,22.2939129,36.47
0,1,0,4,4,550,20,,,1,0,0,42.86,0.2,113.1,0.8,2000,1,0,0,300,46.09390326,2.635688872,21.64574005,41.51
0,1,0,4,4,550,20,,,1,0,0,66.67,0.2,113.1,0.8,2000,1,0,0,300,54.9085744,2.644466522,20.65478236,44.81
0,1,0,4,4,550,20,,,1,0,0,100,0.2,113.1,0.8,2000,1,0,0,300,75.12020504,2.652787469,19.40987339,43.85
0,1,0,12,3,550,15,,,0,0,0,0,0.2,113.1,0.66,2400,0,1,0,100,14,2.42,17.39305777,22.82
0,1,0,12,3,550,15,BiOBr,,0,1,0,100,0.2,113.1,0.66,2400,0,1,0,100,22,2.46,22.32824702,32.77
1,0,0,20,3,550,5,,,0,0,0,0,0.3,103.87,0.6,500,0,0,1,30,74.424,2.82,38.86778233,65.69
1,0,0,20,3,550,5,Bi2O3,,1,0,0,15,0.3,103.87,0.6,500,0,0,1,30,46.919,2.573165359,35.843726,69.77
0,0,1,4,4,550,5,,,0,0,0,0,0.2,113.1,0.6,1000,0,0,1,150,77.4,3,25.68,35.78
0,0,1,4,4,550,5,S,,0,0,1,7.5,0.2,113.1,0.6,1000,0,0,1,150,54.3,2.778505126,25.29,44.5
0,0,1,4,4,550,5,S,,0,0,1,18.75,0.2,113.1,0.6,1000,0,0,1,150,57.5,2.7,27.04,51.66
0,0,1,4,4,550,5,S,,0,0,1,37.5,0.2,113.1,0.6,1000,0,0,1,150,40.3,2.774529599,28.4,39.01
0,0,1,4,4,550,5,S,,0,0,1,75,0.2,113.1,0.6,1000,0,0,1,150,50,2.748763176,29.5,36.86
0,0,1,4,4,550,5,,,0,0,0,0,0.2,113.1,0.6,1000,0,0,1,150,19.5,2.795491508,34.63,16.41
0,0,1,20,2,550,9.136316229,,,0,0,0,0,0.2,103.87,0.6,1000,0,0,1,15,9,2.7,25.8,22.2
0,0,1,20,2,550,9.99999958,Bi,,1,0,0,5.26,0.2,103.87,0.6,1000,0,0,1,15,41,2.595803821,7.84,59.73
0,0,1,20,2,550,10,Bi,,1,0,0,11.11,0.2,103.87,0.6,1000,0,0,1,15,42,2.563287217,2.32,68.24
0,0,1,20,2,550,10.00000064,Bi,,1,0,0,17.64,0.2,103.87,0.6,1000,0,0,1,15,42,2.559309924,10.74,61.35
0,0,1,20,2,550,8.957392213,Bi,,1,0,0,25,0.2,103.87,0.6,1000,0,0,1,15,43,2.550656443,12.8,54.46
0,0,1,20,2,550,8.33520035,Bi,,1,0,0,33.33,0.2,103.87,0.6,1000,0,0,1,15,43,2.545497554,18.37,39.73
1,0,0,7.450513832,2,500,5,,,0,0,0,0,0.1,80,0.6,1200,1,0,0,300,40.95056269,2.76,31.44500194,35
1,0,0,7.610961137,2,500,5,I,BiOIO3,1,0,0,11.11,0.1,80,0.6,1200,1,0,0,300,41.46429636,2.745978393,30.69920875,38
1,0,0,7.753405389,2,500,5,I,BiOIO3,1,0,0,25,0.1,80,0.6,1200,1,0,0,300,41.81754272,2.724655901,29.75828209,44
1,0,0,7.849360423,2,500,5,I,BiOIO3,1,0,0,42.86,0.1,80,0.6,1200,1,0,0,300,57.80522526,2.714887379,27.95765709,57
1,0,0,17.90665911,2,500,5,I,BiOIO3,1,0,0,66.67,0.1,80,0.6,1200,1,0,0,300,69.40264093,2.725401229,25.26039964,52
1,0,0,24.58997503,2,500,5,I,BiOIO3,1,0,0,100,0.1,80,0.6,1200,1,0,0,300,79.1278752,2.726756018,21.96156044,49
1,0,0,9.972627649,4,550,2.5,,,0,0,0,0,0.1,113.1,0.6,1200,1,0,0,300,108.27,2.95,19.92077348,34.2
1,0,0,9.967441485,4,550,2.5,Fe2O3,,1,0,0,1,0.1,113.1,0.6,1200,1,0,0,300,80.50661298,2.792405981,24.99226231,40.8
1,0,0,9.945623994,4,550,2.5,Fe2O3,,1,0,0,3,0.1,113.1,0.6,1200,1,0,0,300,53.64039755,2.635336942,24.97457252,47
1,0,0,9.934466474,4,550,2.5,Fe2O3,,1,0,0,5,0.1,113.1,0.6,1200,1,0,0,300,59.29850844,2.629355338,24.93894301,53.7
1,0,0,9.950170143,4,550,2.5,Fe2O3,,1,0,0,7,0.1,113.1,0.6,1200,1,0,0,300,67.5,2.648545301,22.54747454,60.8
1,0,0,9.970831913,4,550,2.5,Fe2O3,,1,0,0,9,0.1,113.1,0.6,1200,1,0,0,300,64.33912368,2.640479113,24.56600215,50.8
0,0,1,10.19100418,4,550,5,,,0,0,0,0,0.05,16,0.6,1200,1,0,0,300,33.12745953,2.606796802,36.34190063,34.97
0,0,1,10.24045052,4,550,5,InVO4,,1,0,0,11.11,0.05,16,0.6,1200,1,0,0,300,41.6437502,2.595942608,35.45066967,50.3
0,0,1,11.34041933,4,550,5,InVO4,,1,0,0,25,0.05,16,0.6,1200,1,0,0,300,57.91295982,2.626254047,34.01842448,48.15
0,0,1,17.79136113,4,550,5,InVO4,,1,0,0,42.86,0.05,16,0.6,1200,1,0,0,300,72.14527106,2.643558495,31.78131594,61.34
0,0,1,25.75451226,4,550,5,InVO4,,1,0,0,66.67,0.05,16,0.6,1200,1,0,0,300,78.50465607,2.652161939,28.36991092,57.52
0,0,1,28.78143027,4,550,5,InVO4,,1,0,0,100,0.05,16,0.6,1200,1,0,0,300,82.97371548,2.680427756,24.07059594,55.22
1,0,0,10,2,550,15,,,0,0,0,0,0.2,113.1,0.6,2400,0,0,1,30,28.46113313,2.7,43.68707474,31.59
1,0,0,10,2,550,15,TiO2,N,0,0,1,4,0.2,113.1,0.6,2400,0,0,1,30,32.74584702,2.631044378,40.72215034,36.29
1,0,0,10,2,550,15,TiO2,N,0,0,1,6,0.2,113.1,0.6,2400,0,0,1,30,36.14182764,2.601772937,39.93652104,35.82
1,0,0,10,2,550,15,TiO2,N,0,0,1,8,0.2,113.1,0.6,2400,0,0,1,30,38.9316942,2.585179183,39.38819703,38.87
1,0,0,10,2,550,15,TiO2,N,0,0,1,10,0.2,113.1,0.6,2400,0,0,1,30,42.2823052,2.574358829,37.27604506,46.1
1,0,0,10,2,550,15,TiO2,N,0,0,1,12,0.2,113.1,0.6,2400,0,0,1,30,43.6807912,2.568483925,36.30547816,34.88
1,0,0,10,2,550,15,TiO2,N,0,0,1,14,0.2,113.1,0.6,2400,0,0,1,30,43.45779052,2.567296825,35.26662435,36.99
1,0,0,10,2,550,15,,,0,0,0,0,0.2,113.1,0.6,2415,0,1,0,150,33,2.65,13.69127164,42.3
1,0,0,10,2,550,15,Bi,,1,0,0,15,0.2,113.1,0.6,2415,0,1,0,150,57,2.791690509,11.23957051,48.5
1,0,0,10,2,550,15,Bi,,1,0,0,25,0.2,113.1,0.6,2415,0,1,0,150,49,2.786839469,11.94931764,59.7
1,0,0,10,2,550,15,Bi,,1,0,0,50,0.2,113.1,0.6,2415,0,1,0,150,41,2.777546502,15.10360593,47.6
1,0,0,10,2,550,15,Bi,,1,0,0,100,0.2,113.1,0.6,2415,0,1,0,150,36,2.682864078,16.45071559,31.4
1,0,0,10,2,550,15,Bi,,1,0,0,200,0.2,113.1,0.6,2415,0,1,0,150,15,2.557818601,25.36073933,18.2
1,0,0,10,2,525,15,,,0,0,0,0,0.2,113.1,0.6,2415,0,1,0,150,71.59377451,2.693761367,16.7255931,31.22
1,0,0,10,2,525,15,MoS2,,1,0,0,0.5025,0.2,113.1,0.6,2415,0,1,0,150,68.19089117,2.694619931,16.68657893,41.76
1,0,0,10,2,525,15,MoS2,,1,0,0,1.01,0.2,113.1,0.6,2415,0,1,0,150,62.38036933,2.695525945,16.6469441,45.43
1,0,0,10,2,525,15,MoS2,,1,0,0,1.523,0.2,113.1,0.6,2415,0,1,0,150,60.82737076,2.696480052,16.60668771,51.67
1,0,0,10,2,525,15,MoS2,,1,0,0,3.093,0.2,113.1,0.6,2415,0,1,0,150,56.87808826,2.699629016,16.48270069,35.3
1,0,0,10,2,525,15,MoS2,,1,0,0,5.263,0.2,113.1,0.6,2415,0,1,0,150,54.12936819,2.70443838,16.31127476,26.12
1,0,0,16,2,550,15,,,0,0,0,0,0.2,113.1,0.6,2415,0,1,0,300,30.4258606,2.558517392,29.15,39.5
1,0,0,16,2,550,15,Ag,,0,0,1,5,0.2,113.1,0.6,2415,0,1,0,300,38.95091697,2.564083068,25.59,45.5
1,0,0,16,2,550,15,Ag,,0,0,1,10,0.2,113.1,0.6,2415,0,1,0,300,40.03559461,2.587247124,25.25,54.3
1,0,0,16,2,550,15,Ag,,0,0,1,20,0.2,113.1,0.6,2415,0,1,0,300,44.46875985,2.619987672,23.975,54.3
1,0,0,16,2,550,15,,,0,0,0,0,0.2,113.1,0.6,2415,0,1,0,150,103.5,2.793930255,13.01206177,39.5
1,0,0,16,2,550,15,Pd,,0,0,1,1,0.2,113.1,0.6,2415,0,1,0,150,57.3,2.791671052,12.80658734,48.2
1,0,0,16,2,550,15,Pd,,0,0,1,3,0.2,113.1,0.6,2415,0,1,0,150,51.5,2.790702432,12.55579827,55.6
1,0,0,16,2,550,15,Pd,,0,0,1,5,0.2,113.1,0.6,2415,0,1,0,150,55.6,2.79198713,12.37750486,60.6
1,0,0,16,2,550,15,Pd,,0,0,1,10,0.2,113.1,0.6,2415,0,1,0,150,34.8,2.785208408,11.25924056,47.6
0,1,0,15,2,550,10,,,0,0,0,0,0.4,113.1,0.6,2333.746552,0,1,0,150,82.60171696,2.8,11.72,20
0,1,0,15,2,550,10,SnO2,,1,0,0,2.04,0.4,113.1,0.6,2339.986799,0,1,0,150,66.42116864,2.8,9.34,19.6
0,1,0,15,2,550,10,SnO2,,1,0,0,6.38,0.4,113.1,0.6,2366.48397,0,1,0,150,56.09000784,2.8,11.73,22
0,1,0,15,2,550,10,SnO2,,1,0,0,11.11,0.4,113.1,0.6,2313.307942,0,1,0,150,54.4385837,2.8,7.32,23.1
0,1,0,15,2,550,10,SnO2,,1,0,0,17.65,0.4,113.1,0.6,2319.727254,0,1,0,150,55.69513672,2.8,7.28,18.5
0,1,0,4,4,520,5.000000347,,,0,0,0,0,0.05,28.27,0.6,559.5028901,1,0,0,300,6.3,2.79,62.5,37
0,1,0,4,4,520,6.302306453,Sr,,0,0,1,1.65,0.05,28.27,0.6,520.8141049,1,0,0,300,7.819620387,2.780068501,39.01034315,55
0,1,0,4,4,520,5.000000143,Sr,,0,0,1,3.28,0.05,28.27,0.6,1190.258401,1,0,0,300,7.5,2.77,15.8,55
0,1,0,4,4,520,6.285765007,Sr,,0,0,1,4.93,0.05,28.27,0.6,522.9857362,1,0,0,300,8.939809833,2.772400122,20.96121301,28
1,0,0,30,4,550,15,W18O49,,1,0,0,25,0.05,28.27,0.6,1129.58105,1,0,0,300,82.47726,2.716552357,54.66420155,74.26
1,0,0,30,4,550,15,W18O49,,1,0,0,50,0.05,28.27,0.6,1129.563917,1,0,0,300,83.1273,2.719084693,52.67793337,76.34
1,0,0,30,4,550,15,W18O49,,1,0,0,75,0.05,28.27,0.6,1183.433021,1,0,0,300,83.5921,2.736788993,49.67091978,74.85
1,0,0,30,4,550,15,W18O49,,1,0,0,100,0.05,28.27,0.6,1234.689088,1,0,0,300,83.9403,2.737317671,44.96125626,76.04
1,0,0,30,4,550,15,W18O49,,1,0,0,125,0.05,28.27,0.6,1323.94279,1,0,0,300,84.4413,2.735843242,40.16816304,83.55
1,0,0,30,4,550,15,W18O49,,1,0,0,150,0.05,28.27,0.6,1548.458501,1,0,0,300,84.428,2.747858081,32.56384941,80.2
1,0,0,30,4,550,15,W18O49,,1,0,0,200,0.05,28.27,0.6,2016.716165,1,0,0,300,84.7534,2.719423457,18.67113273,75.89
1,0,0,30,4,550,15,,,0,0,0,0,0.05,28.27,0.6,917.9878291,1,0,0,300,81.5019,2.76,54.28974505,59.14
0,1,0,4,2,600,8.765889045,,,0,0,0,0,0.1,89.82480028,0.6,2111.466041,1,0,0,500,51.98981715,2.62,32.78145829,25.64
0,1,0,4,2,600,8.768164272,B,,0,0,1,3.75,0.1,99.10399716,0.6,2111.461666,1,0,0,500,52.12147918,2.56,32.40978609,43.98
0,1,0,4,2,600,9.058731059,K,,0,0,1,2,0.1,89.20286119,0.6,2064.316317,1,0,0,500,57.48291083,2.577963094,30.56291533,35
0,1,0,4,2,600,7.965024075,B,K,0,0,1,4.78,0.1,89.21126438,0.6,2064.319641,1,0,0,500,57.50574021,2.537192852,30.98269964,53.72
0,1,0,4,2,600,8.769440479,B,K,0,0,1,5.82,0.1,99.11003053,0.6,2209.859205,1,0,0,500,52.12335888,2.51,32.4087715,59.52
0,1,0,4,2,600,7.965668127,B,K,0,0,1,6.86,0.1,89.21774379,0.6,2064.349432,1,0,0,500,57.52294866,2.517176723,30.98001797,57.83
0,0,1,10,3,550,5,,,0,0,0,0,0.2,103.87,0.6,2227.308553,0,0,1,15,9.1,2.68,36.1,20.6
0,0,1,10,5,600,5,,,0,0,0,0,0.2,103.87,0.6,2230.408502,0,0,1,15,18.2,2.7,30.99,32.5
0,0,1,10,11,600,5,,,0,0,0,0,0.2,103.87,0.6,2202.65038,0,0,1,15,48.3,2.89,29.97,35.45
0,0,1,10,17,600,5,,,0,0,0,0,0.2,103.87,0.6,2192.847205,0,0,1,15,60.5,2.95,27.01,35.8
0,1,0,10.43206303,3,550,5.249714104,,,0,0,0,0,0.02,16,0.58,550,1,0,0,300,30.77562458,2.73,37.05596962,16.2
0,1,0,25.86270703,3,550,12.22973243,BiOI,,1,0,0,930,0.02,16,0.58,550,1,0,0,300,71.25991701,2.63001015,21.07413403,80.3
0,1,0,16.70365324,2.707636861,550,7.619394459,(NH4)2SO4,,0,1,0,2,0.161671688,103.739347,0.561368823,1781.560166,0,1,0,300,50,2.52,26.07334196,47.1
0,1,0,15.98363235,2.777708767,550,8.476060809,(NH4)2SO4,,0,1,0,1,0.152584588,91.92272455,0.559708321,1840.262201,0,1,0,300,32,2.61,25.69530831,31.9
0,1,0,16.75775069,2.759833706,550,8.102379907,(NH4)2SO4,,0,1,0,1.5,0.154052806,101.1181737,0.554418559,1802.139931,0,1,0,300,59,2.64,26.06667326,34.9
0,1,0,17.14854186,2.657602773,550,7.270477189,(NH4)2SO4,,0,1,0,2.5,0.164871667,105.9179565,0.55282645,1799.643022,0,1,0,300,30,2.53,25.82635913,34.2
0,1,0,13.90818574,2.852249144,550,8.914536092,,,0,0,0,0,0.139627498,87.42262894,0.550778039,2054.87261,0,1,0,300,9,2.5,31.13055639,24.9
1,0,0,10,2,550,15,,,0,0,0,0,0.2,113.1,0.55,2400,0,1,0,150,137,2.44,23.53853193,36.3
1,0,0,10,2,550,15,SrCO3,,0,0,1,2,0.2,113.1,0.55,2400,0,1,0,150,84,2.745758045,21.62602922,43.1
1,0,0,10,2,550,15,SrCO3,,0,0,1,3.33,0.2,113.1,0.55,2400,0,1,0,150,60,2.75475049,20.52987458,49.8
1,0,0,10,2,550,15,SrCO3,,0,0,1,6,0.2,113.1,0.55,2400,0,1,0,150,33,2.765985083,17.84977314,38.8
0,1,0,10,4,550,10,,,0,0,0,0,0.5,113.1,0.55,2400,0,0,1,12,20,2.79,56.05003386,30.67
0,1,0,2.5,4,550,10,NaLa(WO4)2,,1,0,0,10.67,0.5,113.1,0.55,2400,0,0,1,12,21.47468934,2.628945219,35.08527833,21.44
0,1,0,5,4,550,10,NaLa(WO4)2,,1,0,0,8.12,0.5,113.1,0.55,2400,0,0,1,12,13.42,2.699751417,39.5429297,47.18
0,1,0,10,4,550,10,NaLa(WO4)2,,1,0,0,2.64,0.5,113.1,0.55,2400,0,0,1,12,25.964346,2.750112909,46.59033398,42.3
0,0,1,10,2,550,2.5,,,0,0,0,0,0.2,109.455057,0.55,2410.709083,0,0,1,12,13.07,2.724886608,74.38,25.9
0,0,1,10,2,550,2.5,BiOIO3,,1,0,0,16.38,0.2,103.6512269,0.55,2405.011141,0,0,1,12,61.93,2.574090742,28.58,34.1
0,0,1,10,2,550,2.5,BiOIO3,,1,0,0,40.94,0.2,109.4181055,0.55,1495.41354,0,0,1,12,54.22,2.533560059,27.9,40.1
0,0,1,10,2,550,2.5,BiOIO3,,1,0,0,61.42,0.2,109.9584178,0.55,1430.077135,0,0,1,12,52.96,2.502412429,29.72,46.9
0,0,1,10,2,550,2.5,BiOIO3,,1,0,0,81.89,0.2,110.5509307,0.55,1609.174422,0,0,1,12,51.36,2.454961256,42,39.1
0,0,1,10,2,550,2.5,BiOIO3,,1,0,0,163.78,0.2,111.2683523,0.55,1698.649758,0,0,1,12,27.83,2.404856202,45.67,32.5
0,0,1,10,2,550,10,,,0,0,0,0,0.02,95.03,0.55,2402.229661,0,0,1,15,7,2.681378419,55.8,26.94
0,0,1,10,2,550,10,,,0,0,0,0,0.02,95.03,0.55,2278.894404,0,0,1,15,28,2.665351596,36.5,36.43
0,0,1,10,2,550,10,Na,,0,1,0,3.33,0.02,95.03,0.55,2230.047037,0,0,1,15,24,2.672828036,22.61,45.49
0,0,1,10,2,550,10,Na,,0,1,0,6.67,0.02,95.03,0.55,2125.339882,0,0,1,15,24,2.665429863,14.6,52.5
0,0,1,10,2,550,10,Na,,0,1,0,16.67,0.02,95.03,0.55,2252.28049,0,0,1,15,11,2.649974395,13.48,46.62
0,0,1,10,2,550,10,Na,,0,1,0,33.33,0.02,95.03,0.55,2273.582638,0,0,1,15,5,2.608005567,13.29,42.23
0,0,1,10,2,550,10,,,0,0,0,0,0.02,95.03,0.55,1604.304183,0,0,1,15,17.50000469,2.676548102,46.14997805,36.33
0,0,1,10,2,550,10,K,,0,1,0,3.33,0.02,95.03,0.55,1482.030733,0,0,1,15,23.99997694,2.665714389,22.6100619,39.14
0,0,1,10,2,550,10,K,,0,1,0,6.67,0.02,95.03,0.55,1602.5084,0,0,1,15,23.99999543,2.657561394,14.60004238,51.7
0,0,1,10,2,550,10,K,,0,1,0,16.67,0.02,95.03,0.55,1191.516981,0,0,1,15,11.00001981,2.606258825,13.48000556,43.57
0,0,1,10,2,550,10,,,0,0,0,0,0.2,113.1,0.55,2404.975737,0,0,1,15,54.64,2.7,33.18,41.2
0,0,1,10,2,550,10,Mg,,0,1,0,11.9,0.2,113.1,0.55,2402.090683,0,0,1,15,36.79618805,2.618438123,23.01,44.8
0,0,1,10,2,550,10,Mg,,0,1,0,23.8,0.2,113.1,0.55,1856.012938,0,0,1,15,41.39,2.54,22.84,52.3
0,0,1,10,2,550,10,Mg,,0,1,0,35.7,0.2,113.1,0.55,1849.39179,0,0,1,15,44.79533602,2.537804589,37.23,31.5
0,0,1,10,2,550,10,Mg,,0,1,0,47.6,0.2,113.1,0.55,1816.91611,0,0,1,15,41.53077279,2.50760599,42.32,25.2
0,0,1,10,2,550,10,,,0,0,0,0,0.2,113.1,0.55,2403.377666,0,0,1,15,25.43308347,2.72932614,62.33,26.4
0,0,1,10,2,550,10,,,0,0,0,0,0.2,113.1,0.55,2400.383402,0,0,1,30,9.18,2.69056246,43.47258878,19.47
0,0,1,10,2,550,10,,,0,0,0,0,0.2,113.1,0.55,2400.375036,0,0,1,30,37.09,2.6,45.57,34.05
0,0,1,10,2,550,10,CaCO3,,0,1,0,5.64,0.2,113.1,0.55,2365.435065,0,0,1,30,40.64,2.54,38.19,36.43
0,0,1,10,2,550,10,CaCO3,,0,1,0,11.27,0.2,113.1,0.55,2359.630602,0,0,1,30,55.1,2.53,32.09296578,47.24
0,0,1,10,2,550,10,CaCO3,,0,1,0,28.19,0.2,113.1,0.55,1837.404132,0,0,1,30,38.23,2.49,27.23326464,51.18
0,0,1,10,2,550,10,CaCO3,,0,1,0,56.37,0.2,113.1,0.55,1673.556878,0,0,1,30,23.56,2.42,32.1757848,44.74
0,0,1,10,2,550,10,CaCO3,,0,1,0,112.77,0.2,113.1,0.55,1759.211146,0,0,1,30,17.44,2.27,34.4068786,33.32
0,1,0,0.6,4,550,2.3,,,0,0,0,0,0.1,113.1,0.52,2415,0,0,1,12,56.506,2.53,39.39927339,39.76
0,1,0,0.6,4,550,2.3,Nd2O3,,1,0,0,3.05,0.1,113.1,0.52,2415,0,0,1,12,71.946,2.43,39.62620002,54.48
0,1,0,10,3,550,5,,,0,0,0,0,0.1,113.1,0.52,2415,0,0,1,12,27.05226576,2.62021338,60.59832298,22.16
1,0,0,30,2,550,5.563750879,,,0,0,0,0,0.2,113.1,0.5,1500,1,0,0,300,32.81159415,2.68,34.6,62.8
1,0,0,30,2,550,5.551346071,MgO,,1,0,0,1,0.2,113.1,0.5,1500,1,0,0,300,36.83994179,2.65,34.9,68.4
1,0,0,30,2,550,5.529881935,MgO,,1,0,0,3,0.2,113.1,0.5,1500,1,0,0,300,39.13597394,2.63,21.9,75.4
1,0,0,30,2,550,5.51258802,MgO,,1,0,0,5,0.2,113.1,0.5,1500,1,0,0,300,38.44146088,2.6,25.8,72.1
1,0,0,20,2,550,15,,,0,0,0,0,0.1,113.1,0.5,2000,0,1,0,150,65,2.69,10.80216982,35.79
1,0,0,20,2,550,15,La,O,1,0,0,1.01,0.1,113.1,0.5,2000,0,1,0,150,70,2.64,10.44608045,43.99
1,0,0,20,2,550,15,La,O,1,0,0,5.26,0.1,113.1,0.5,2000,0,1,0,150,68,2.59,10.16414321,47.81
1,0,0,20,2,550,15,La,O,1,0,0,11.11,0.1,113.1,0.5,2000,0,1,0,150,86,2.56,9.320232351,47.81
1,0,0,20,2,550,15,La,O,1,0,0,33.33,0.1,113.1,0.5,2000,0,1,0,150,78,2.44,9.473884408,50.4
1,0,0,20,2,550,15,La,O,1,0,0,100,0.1,113.1,0.5,2000,0,1,0,150,43,2.73,10.77663762,28.69
1,0,0,15,1,550,13.18847745,,,0,0,0,0,0.2,78.54,0.5,2010,0,1,0,150,67.56595653,2.671986542,39.4,20.2
1,0,0,15,1,550,12.17722657,InP,,1,0,0,0.1,0.2,78.54,0.5,2010,0,1,0,150,61.32241462,2.722248563,14.3,38.5
1,0,0,15,1,550,12.17739508,InP,,1,0,0,0.25,0.2,78.54,0.5,2010,0,1,0,150,61.28557987,2.722224364,14.4,39.08
1,0,0,15,1,550,12.17622449,InP,,1,0,0,0.5,0.2,78.54,0.5,2010,0,1,0,150,61.190492,2.722235805,14.4,39.56
1,0,0,15,1,550,12.17129208,InP,,1,0,0,1,0.2,78.54,0.5,2010,0,1,0,150,60.93555298,2.722351048,14.1,37.5
1,0,0,15,1,550,12.1697584,InP,,1,0,0,1.5,0.2,78.54,0.5,2010,0,1,0,150,60.76507257,2.722344327,14.2,37.48
1,0,0,15,1,550,12.16651783,InP,,1,0,0,2,0.2,78.54,0.5,2010,0,1,0,150,60.55180834,2.722397863,14.1,31.26
1,0,0,10,1,550,13.33250441,,,0,0,0,0,0.2,78.54,0.5,2010,0,1,0,150,68.10779518,2.665852232,45.34,19.14
1,0,0,10,1,550,11.93993122,BO0.2N0.8,,0,1,0,10,0.2,78.54,0.5,2010,0,1,0,150,56.71,2.73196162,9.62,28.89
1,0,0,12,1,550,12.1218562,BO0.2N0.8,,0,1,0,8.33,0.2,78.54,0.5,2010,0,1,0,150,58.40164707,2.723220392,15.32,23.93
1,0,0,10,2,525,15,,,0,0,0,0,0.199999998,113.1,0.5,2400,0,1,0,150,86.51402819,2.65,17.74592451,38.6
1,0,0,10,2,525,15,Bi,,1,0,0,13.38,0.227333613,113.1,0.5,2400,0,1,0,150,84.4413376,2.82,16.51411318,46.7
1,0,0,20,2,550,15,Au,,0,0,1,0.3,0.2,113.1,0.5,2400,0,1,0,150,87.35126567,2.699197433,7.87,41
1,0,0,20,2,550,15,,,0,0,0,0,0.2,113.1,0.5,2400,0,1,0,150,87.6059131,2.562784284,52.17,24
1,0,0,10,2,550,5.640473615,,,0,0,0,0,0.2,113.1,0.5,2400,0,1,0,300,46.836,2.71,26.62880017,29.9
1,0,0,10,2,550,6.290918795,B,,0,1,0,2.94,0.2,113.1,0.5,2400,0,1,0,300,40.64983419,2.582955592,26.4969259,31.4
1,0,0,10,2,550,5.64705659,B,,0,1,0,10.9,0.2,113.1,0.5,2400,0,1,0,300,53.914,2.69,25.88603773,36.2
1,0,0,10,2,550,5.553439031,B,,0,1,0,20.86,0.2,113.1,0.5,2400,0,1,0,300,49.71537725,2.649107462,25.64967745,39.2
1,0,0,10,2,550,5.381217261,B,,0,1,0,29.94,0.2,113.1,0.5,2400,0,1,0,300,54.864,2.66,25.34489519,44.1
1,0,0,10,2,550,7.769402177,B,,0,1,0,44.9,0.2,113.1,0.5,2400,0,1,0,300,52.4397178,2.662427716,26.10378272,39.6
1,0,0,10,2,550,8.661427737,B,,0,1,0,59.87,0.2,113.1,0.5,2400,0,1,0,300,56.055,2.68,25.53664727,34.9
1,0,0,10,2,550,15,,,0,0,0,0,0.2,113.1000066,0.5,2400,0,1,0,150,128.1069459,2.75,46.4,20.22
1,0,0,10,2,550,15,Pd,,0,1,0,0.1,0.2,113.0999971,0.5,2400,0,1,0,150,125.8131492,2.73,1.2,44.9
1,0,0,10,2,550,15,,,0,0,0,0,0.2,113.1,0.5,2400,0,1,0,150,137,2.44,23.5332317,36.3
1,0,0,10,2,550,15,BaCO3,,1,0,0,0.5,0.2,113.1,0.5,2400,0,1,0,150,102,2.738150957,18.81400507,50
1,0,0,10,2,550,15,BaCO3,,1,0,0,1,0.2,113.1,0.5,2400,0,1,0,150,76,2.74051629,21.21862852,56.4
1,0,0,10,2,550,15,BaCO3,,1,0,0,2,0.2,113.1,0.5,2400,0,1,0,150,78,2.74575334,21.62608943,44.4
1,0,0,10,2,550,15,BaCO3,,1,0,0,3.33,0.2,113.1,0.5,2400,0,1,0,150,61,2.754746505,20.53046539,46
0,1,0,3.97789443,2,500,3.394548351,,,0,0,0,0,0.2,113.1,0.5,3000,1,0,0,300,28.17334013,2.73,45.33,25.81
0,1,0,6.382376166,2,500,16.78241178,SnO2,,1,0,0,900,0.2,113.1,0.5,3000,1,0,0,300,54.503355,2.862863297,10.66,30.29
0,1,0,21.3814053,2,500,10.58380128,SnO2,,1,0,0,400,0.2,113.1,0.5,3000,1,0,0,300,61.89620577,2.737952234,9.98,33.47
0,1,0,19.42393556,2,500,9.627487506,SnO2,,1,0,0,233.33,0.2,113.1,0.5,3000,1,0,0,300,55.00974395,2.83,7.65,34.4
0,1,0,6.281761023,2,500,3.337030647,SnO2,,1,0,0,66.67,0.2,113.1,0.5,3000,1,0,0,300,40.44710036,2.655812758,17.24,33.23
1,0,0,9.998394179,2,550,2.943444131,,,0,0,0,0,0.2,113.1,0.5,3000,1,0,0,300,32.81110186,2.76,11.87221249,69.47
1,0,0,9.988579702,2,550,4.048982551,Ag,,1,0,0,5.26,0.2,113.1,0.5,3000,1,0,0,300,38.27829674,2.616469506,13.66172892,70
1,0,0,9.994708694,2,550,4.8876971,Ag,,1,0,0,11.11,0.2,113.1,0.5,3000,1,0,0,300,37.06383146,2.632426717,17.86911251,72.99
1,0,0,9.993543387,2,550,4.932591506,Ag,,1,0,0,17.65,0.2,113.1,0.5,3000,1,0,0,300,36.26777241,2.662727755,21.26236621,77.86
1,0,0,9.984064486,2,550,4.862129171,Ag,,1,0,0,25,0.2,113.1,0.5,3000,1,0,0,300,35.82697283,2.7,21.45557271,82.44
1,0,0,9.965966101,2,550,2.973199491,Ag,,1,0,0,42.86,0.2,113.1,0.5,3000,1,0,0,300,36.89118355,2.665599193,9.261434344,79.77
0,1,0,10,2,550,2,,,0,0,0,0,0.2,113.1,0.45,3000,1,0,0,300,30.4221905,2.74,11.72,25.84
0,1,0,10,2,550,2,Bi2O3,,1,0,0,50,0.2,113.1,0.45,3000,1,0,0,300,39.17908156,2.661480868,6.84,39.02
0,1,0,1,3,500,2.5,B,,0,0,1,2.84,0.1,78.54,0.4,3000,1,0,0,300,26.56302502,2.694036017,39.53,26.88
0,1,0,1,3,500,2.5,B,,0,0,1,5.69,0.1,78.54,0.4,3000,1,0,0,300,27.9,2.54,24.35,30.4
0,1,0,1,3,500,2.5,B,,0,0,1,8.53,0.1,78.54,0.4,3000,1,0,0,300,25.52689739,2.678864988,48.63,27.1
0,1,0,1,3,500,2.523748149,,,0,0,0,0,0.1,78.54,0.4,3000,1,0,0,300,27.59162613,2.7,37.36880495,20.8
0,1,0,10,3,550,5,,,0,0,0,0,0.1,78.54,0.4,3000,1,0,0,300,10,2.43,58.02,21.6
0,1,0,10,3,550,5,Bi2O2CO3,,1,0,0,222.22,0.1,78.54,0.4,3000,1,0,0,300,27,2.758633689,37.34,34.8
1,0,0,10,4,550,5,,,0,0,0,0,0.05,68.44141695,0.4,1674.034294,1,0,0,300,39.74126332,2.66,48.8609924,50
1,0,0,10,4,550,5,BiPO4,,1,0,0,10,0.05,81.27293951,0.4,1816.864061,1,0,0,300,55.97089444,2.67249469,30.18690306,57.13
1,0,0,10,4,550,5,BiPO4,,1,0,0,15,0.05,92.16312217,0.4,2211.814327,1,0,0,300,54.62770626,2.682022237,28.39279307,60.67
1,0,0,10,4,550,5,BiPO4,,1,0,0,20,0.05,99.98558882,0.4,2441.355896,1,0,0,300,54.32905721,2.692461344,27.51667302,64
1,0,0,10,4,550,5,BiPO4,,1,0,0,30,0.05,97.75222775,0.4,2305.815439,1,0,0,300,55.12409154,2.667582677,23.45287933,58.83
1,0,0,10,2,550,5.055444922,,,0,0,0,0,0.025,28.26999838,0.3,420,1,0,0,300,51.1,2.62543896,33.36445349,29
1,0,0,10,1.5,500,7,,,0,0,0,0,0.025,28.26999903,0.3,420,1,0,0,300,75.39,2.92,32.20356222,43.4
1,0,0,10,1.5,500,7,Au,,0,0,1,1.01,0.025,28.26999817,0.3,420,1,0,0,300,78.37,2.915034276,31.89403332,64.17
1,0,0,10,1.5,500,7,Au,,0,0,1,3.09,0.025,28.26999774,0.3,420,1,0,0,300,83.86,2.91,31.19397221,87.1
1,0,0,10,1.5,500,7,Au,,0,0,1,5.26,0.025,28.27000165,0.3,420,1,0,0,300,81.5,2.908422271,30.96395441,73.3
